place_id,geonames_id,name,country_code,latitude,longitude,population
za-cape-town,3369157,Cape Town,ZA,-33.92584,18.42322,4772846
za-johannesburg,993800,Johannesburg,ZA,-26.20227,28.04363,9418183
zw-harare,890299,Harare,ZW,-17.82772,31.05337,1542813
zm-lusaka,909137,Lusaka,ZM,-15.40669,28.28713,2212301
tz-dar-es-salaam,160263,Dar es Salaam,TZ,-6.82349,39.26951,5383728
ke-nairobi,184745,Nairobi,KE,-1.28333,36.81667,4397073
et-addis-ababa,344979,Addis Ababa,ET,9.02497,38.74689,3860000
sd-khartoum,379252,Khartoum,SD,15.55177,32.53241,1974647
eg-cairo,360630,Cairo,EG,30.06263,31.24967,9606916
ng-lagos,2332459,Lagos,NG,6.45407,3.39467,15388000
sn-dakar,2253354,Dakar,SN,14.69370,-17.44406,2646503
cd-kinshasa,2314302,Kinshasa,CD,-4.32758,15.31357,16000000
ma-casablanca,2553604,Casablanca,MA,33.58831,-7.61138,3665954
dz-algiers,2507480,Algiers,DZ,36.73225,3.08746,2364230
tr-istanbul,745044,Istanbul,TR,41.01384,28.94966,15701602
ir-tehran,112931,Tehran,IR,35.69439,51.42151,7153309
sa-riyadh,108410,Riyadh,SA,24.68773,46.72185,4205961
iq-baghdad,98182,Baghdad,IQ,33.34058,44.40088,7216000
uz-tashkent,1512569,Tashkent,UZ,41.26465,69.21627,1978028
kz-almaty,1526384,Almaty,KZ,43.25249,76.91150,1977011
ru-moscow,524901,Moscow,RU,55.75204,37.61781,10381222
ru-saint-petersburg,498817,Saint Petersburg,RU,59.93863,30.31413,5351935
ru-yekaterinburg,1486209,Yekaterinburg,RU,56.85733,60.61529,1495066
ru-novosibirsk,1496747,Novosibirsk,RU,55.02259,82.93175,1612833
ru-irkutsk,2023469,Irkutsk,RU,52.29566,104.29076,623869
ru-khabarovsk,2022890,Khabarovsk,RU,48.46204,135.09710,618150
ru-vladivostok,2013348,Vladivostok,RU,43.10562,131.87353,604901
cn-beijing,1816670,Beijing,CN,39.90750,116.39723,18960744
cn-shanghai,1796236,Shanghai,CN,31.22222,121.45806,24874500
cn-wuhan,1791247,Wuhan,CN,30.58333,114.26667,13739000
mn-ulan-bator,2028462,Ulan Bator,MN,47.90771,106.88324,844818
jp-tokyo,1850147,Tokyo,JP,35.68950,139.69171,9733276
kr-seoul,1835848,Seoul,KR,37.56600,126.97840,10349312
in-new-delhi,1261481,New Delhi,IN,28.62137,77.21480,317797
in-mumbai,1275339,Mumbai,IN,19.07283,72.88261,12691836
in-kolkata,1275004,Kolkata,IN,22.56263,88.36304,4631392
vn-hanoi,1581130,Hanoi,VN,21.02450,105.84117,8053663
th-bangkok,1609350,Bangkok,TH,13.75398,100.50144,5104476
sg-singapore,1880252,Singapore,SG,1.28967,103.85007,5638700
gb-london,2643743,London,GB,51.50853,-0.12574,8961989
fr-paris,2988507,Paris,FR,48.85341,2.34880,2138551
de-berlin,2950159,Berlin,DE,52.52437,13.41053,3426354
es-madrid,3117735,Madrid,ES,40.41650,-3.70256,3255944
it-rome,3169070,Rome,IT,41.89193,12.51133,2318895
pl-warsaw,756135,Warsaw,PL,52.22977,21.01178,1702139
ua-kyiv,703448,Kyiv,UA,50.45466,30.52380,2952301
se-stockholm,2673730,Stockholm,SE,59.32938,18.06871,1515017
